hq_co,bureau,operating_unit,ou_descr,web,email
CO,PAPP,PAL,Prog for Palestinian People,,
CO,RBA,AGO,Angola,,
CO,RBA,BEN,Benin,,
CO,RBA,BWA,Botswana,,
CO,RBA,BFA,Burkina Faso,,
CO,RBA,BDI,Burundi,,
CO,RBA,CMR,"Cameroon, Republic of",,
CO,RBA,CPV,Cape Verde,,
CO,RBA,CAF,Central African Republic,,
CO,RBA,TCD,Chad,,
CO,RBA,COM,Comoros,,
CO,RBA,COG,Congo,,
CO,RBA,CIV,Côte d’Ivoire,,
CO,RBA,R11,Dakar Regional Service Centre,,
CO,RBA,COD,Democratic Republic of Congo,,
CO,RBA,GNQ,Equatorial Guinea,,
CO,RBA,ERI,Eritrea,,
CO,RBA,ETH,Ethiopia,,
CO,RBA,GAB,Gabon,,
CO,RBA,GMB,Gambia,,
CO,RBA,GHA,Ghana,,
CO,RBA,GIN,Guinea,,
CO,RBA,GNB,Guinea-Bissau,,
CO,RBA,KEN,Kenya,,
CO,RBA,LSO,Lesotho,,
CO,RBA,LBR,Liberia,,
CO,RBA,MDG,Madagascar,,
CO,RBA,MWI,Malawi,,
CO,RBA,MLI,Mali,,
CO,RBA,MRT,Mauritania,,
CO,RBA,MUS,Mauritius,,
CO,RBA,MOZ,Mozambique,,
CO,RBA,NAM,Namibia,,
CO,RBA,NER,Niger,,
CO,RBA,NGA,Nigeria,,
CO,RBA,RJB,Regional SC - Johannesburg,,
CO,RBA,RWA,Rwanda,,
CO,RBA,STP,Sao Tome and Principe,,
CO,RBA,SEN,Senegal,,
CO,RBA,SYC,Seychelles,,
CO,RBA,SLE,Sierra Leone,,
CO,RBA,ZAF,South Africa,,
CO,RBA,SSD,"South Sudan, Republic of",,
CO,RBA,SWZ,Swaziland,,
CO,RBA,TGO,Togo,,
CO,RBA,UGA,Uganda,,
CO,RBA,TZA,United Republic of Tanzania,,
CO,RBA,ZMB,Zambia,,
CO,RBA,ZWE,Zimbabwe,,
CO,RBAP,AFG,Afghanistan,,
CO,RBAP,BGD,Bangladesh,,
CO,RBAP,BTN,Bhutan,,
CO,RBAP,KHM,Cambodia,,
CO,RBAP,CHN,China,,
CO,RBAP,COK,Cook Islands,,
CO,RBAP,PRK,Democr People's Repub of Korea,,
CO,RBAP,FJI,Fiji,,
CO,RBAP,IND,India,,
CO,RBAP,IDN,Indonesia,,
CO,RBAP,IRN,"Iran, Islamic Republic of",,
CO,RBAP,KIR,Kiribati,,
CO,RBAP,KOR,"Korea, Republic of",,
CO,RBAP,LAO,Lao People's Democratic Republ,,
CO,RBAP,MYS,Malaysia,,
CO,RBAP,MDV,Maldives,,
CO,RBAP,MHL,Marshall Islands,,
CO,RBAP,FSM,"Micronesia, Federated Statesof",,
CO,RBAP,MNG,Mongolia,,
CO,RBAP,MMR,Myanmar,,
CO,RBAP,NRU,Nauru,,
CO,RBAP,NPL,Nepal,,
CO,RBAP,NIU,Niue,,
CO,RBAP,PSC,Pacific Centre (PC),,
CO,RBAP,PAK,Pakistan,,
CO,RBAP,PNG,Papua New Guinea,,
CO,RBAP,PHL,Philippines,,
CO,RBAP,PLW,Republic of Palau,,
CO,RBAP,BRC,Rgnl Center in Bangkok (RCB),,
CO,RBAP,CRC,Rgnl Centre in Colombo (RCC),,
CO,RBAP,WSM,Samoa,,
CO,RBAP,SLB,Solomon Islands,,
CO,RBAP,LKA,Sri Lanka,,
CO,RBAP,THA,Thailand,,
CO,RBAP,TLS,Timor-Leste,,
CO,RBAP,TKL,Tokelau,,
CO,RBAP,TON,Tonga,,
CO,RBAP,TUV,Tuvalu,,
CO,RBAP,VUT,Vanuatu,,
CO,RBAP,VNM,Viet Nam,,
CO,RBAS,DZA,Algeria,,
CO,RBAS,BHR,Bahrain,,
CO,RBAS,R44,Cairo Regional Center,,
CO,RBAS,DJI,Djibouti,,
CO,RBAS,EGY,Egypt,,
CO,RBAS,IRQ,Iraq,,
CO,RBAS,JOR,Jordan,,
CO,RBAS,KWT,Kuwait,,
CO,RBAS,LBN,Lebanon,,
CO,RBAS,LBY,Libya,,
CO,RBAS,MAR,Morocco,,
CO,RBAS,SAU,Saudi Arabia,,
CO,RBAS,SOM,Somalia,,
CO,RBAS,SDN,"Sudan, Republic of the",,
CO,RBAS,SYR,Syria,,
CO,RBAS,TUN,Tunisia,,
CO,RBAS,ARE,United Arab Emirates,,
CO,RBAS,YEM,Yemen,,
CO,RBEC,ALB,Albania,,
CO,RBEC,ARM,Armenia,,
CO,RBEC,AZE,Azerbaijan,,
CO,RBEC,BLR,"Belarus, Republic of",,
CO,RBEC,BIH,Bosnia and Herzegovina,,
CO,RBEC,SVK,Bratislava Regional Center,,
CO,RBEC,BGR,Bulgaria,,
CO,RBEC,HRV,Croatia,,
CO,RBEC,CYP,Cyprus,,
CO,RBEC,GEO,Georgia,,
CO,RBEC,KAZ,Kazakhstan,,
CO,RBEC,KOS,Kosovo,,
CO,RBEC,KGZ,Kyrgyzstan,,
CO,RBEC,LVA,"Latvia, Republic of",,
CO,RBEC,LTU,"Lithuania, Republic of",,
CO,RBEC,MKD,"Macedonia, former Yugoslav Rep",,
CO,RBEC,MDA,"Moldova, Republic of",,
CO,RBEC,MNE,Montenegro,,
CO,RBEC,POL,Poland,,
CO,RBEC,ROU,Romania,,
CO,RBEC,RUS,Russian Federation,,
CO,RBEC,SRB,Serbia,,
CO,RBEC,TJK,Tajikistan,,
CO,RBEC,TUR,Turkey,,
CO,RBEC,TKM,Turkmenistan,,
CO,RBEC,UKR,Ukraine,,
CO,RBEC,UZB,Uzbekistan,,
CO,RBLAC,ATG,Antigua and Barbuda,,
CO,RBLAC,ARG,Argentina,,
CO,RBLAC,BHS,Bahamas,,
CO,RBLAC,BRB,Barbados,,
CO,RBLAC,BLZ,Belize,,
CO,RBLAC,BOL,Bolivia,,
CO,RBLAC,BRA,Brazil,,
CO,RBLAC,CHL,Chile,,
CO,RBLAC,COL,Colombia,,
CO,RBLAC,CRI,Costa Rica,,
CO,RBLAC,CUB,Cuba,,
CO,RBLAC,CUV,Curacao,,
CO,RBLAC,DMA,Dominica,,
CO,RBLAC,DOM,Dominican Republic,,
CO,RBLAC,ECU,Ecuador,,
CO,RBLAC,SLV,El Salvador,,
CO,RBLAC,GRD,Grenada,,
CO,RBLAC,GTM,Guatemala,,
CO,RBLAC,GUY,Guyana,,
CO,RBLAC,HTI,Haiti,,
CO,RBLAC,HND,Honduras,,
CO,RBLAC,JAM,Jamaica,,
CO,RBLAC,MEX,Mexico,,
CO,RBLAC,NIC,Nicaragua,,
CO,RBLAC,PAN,Panama,,
CO,RBLAC,R46,Panama Regional Center,,
CO,RBLAC,PRY,Paraguay,,
CO,RBLAC,PER,Peru,,
CO,RBLAC,R45,Rgnl Ctr in Trinidad & Tobago,,
CO,RBLAC,KNA,St. Kitts and Nevis,,
CO,RBLAC,LCA,St. Lucia,,
CO,RBLAC,VCT,St. Vincent and the Grenadines,,
CO,RBLAC,SUR,Suriname,,
CO,RBLAC,TTO,Trinidad and Tobago,,
CO,RBLAC,URY,Uruguay,,
CO,RBLAC,VEN,Venezuela,,
HQ,BCPR,H10,BCPR,,
HQ,BDP,H21,Bureau for Dev. Policy,,
HQ,BDP,H58,GFATM unit,,
HQ,BERA,H23,PB,,
HQ,BERA,H27,PB/Liaison/Brussels,,
HQ,BERA,H28,PB/Liaison/Copenhagen,,
HQ,BERA,H24,PB/Liaison/Geneva,,
HQ,BERA,H25,PB/Liaison/Tokyo,,
HQ,BERA,H62,PB/South Korea Liaison Office,,
HQ,BOM,H22,BOM/Ofc of Asst Administrator,,
HQ,BOM,H48,Ofc of Info Systems&Technology,,
HQ,BOM,H18,Office of Human Resources,,
HQ,BOM,H46,Security Operations,,
HQ,DOCO,H45,UN Developmt Coordination Unit,,
HQ,EO,H11,Evaluation Office,,
HQ,HDRO,H43,Human Development Report Ofc,,
HQ,NS_HQ,H52,Non Specific HQ,,
HQ,OA,H13,Office of the Administrator,,
HQ,ODS,H54,Office for Development Studies,,
HQ,OSG,H20,Operations Support Group,,
HQ,RBA,H01,Reg Bureau for Africa,,
HQ,RBAP,H04,Reg Bureau for Asia & Pacific,,
HQ,RBAS,H05,Reg Bur for Arab States,,
HQ,RBEC,H02,Reg Bur for Europe & CIS,,
HQ,RBLAC,H03,Reg Bur Latin Amer & Carib,,
HQ,SU_TCDC,H42,Spcl Unit for South South Coop,,
HQ,UNCDF,H59,UN Capital Development  Fund,,
HQ,UNV.,UNV,United Nations Volunteers,,
